{"cameraMode":{"drawMode":0,"name":"Shaded","section":"Shading Mode"},"sceneLighting":true,"audioPlay":false,"sceneViewState":{"m_AlwaysRefresh":false,"showFog":true,"showSkybox":true,"showFlares":true,"showImageEffects":true,"showParticleSystems":true,"showVisualEffectGraphs":true,"m_FxEnabled":true},"in2DMode":false,"pivot":{"x":-0.4671019911766052,"y":-7.699408531188965,"z":16.956621170043947},"rotation":{"x":-0.23068928718566895,"y":0.013716122135519982,"z":-0.0032527116127312185,"w":-0.9729247689247131},"size":9.511361122131348,"orthographic":false}